R [km],M [Msun],P_div_c2 [g/cm^3]
4.182457142857143140e+01,1.243055350081074956e-01,2.000000000000000244e+12
4.032436734693877867e+01,1.255176258619916663e-01,2.043839410520870605e+12
3.898465306122449192e+01,1.267775232792992535e-01,2.088639767999158203e+12
3.770500000000000540e+01,1.280474534140597642e-01,2.134422136108923340e+12
3.649497959183673856e+01,1.293704289032908961e-01,2.181208040233788330e+12
3.535765306122448948e+01,1.307252443359439298e-01,2.229019477587404297e+12
3.431828571428571450e+01,1.321064473663282612e-01,2.277878927555898438e+12
3.331077551020408123e+01,1.335372205105662125e-01,2.327809362266879883e+12
3.236316326530612031e+01,1.349998699461057716e-01,2.378834257390251465e+12
3.146616326530612184e+01,1.364880173723117263e-01,2.430977603175681641e+12
3.064526530612245026e+01,1.380321999088890972e-01,2.484263915732011719e+12
2.986022448979592170e+01,1.396107516618574351e-01,2.538718248554002441e+12
2.910973469387755586e+01,1.412136868510242005e-01,2.594366204301594238e+12
2.840889795918367611e+01,1.428680808063047536e-01,2.651233946837519043e+12
2.772287755102041018e+01,1.445646728209673548e-01,2.709348213528668945e+12
2.709779591836734980e+01,1.462874179276537900e-01,2.768736327817104004e+12
2.649348979591836795e+01,1.480571353041645610e-01,2.829426212066725586e+12
2.591342857142857525e+01,1.498760398928749293e-01,2.891446400691377930e+12
2.537342857142857611e+01,1.517123200940972694e-01,2.954826053570891113e+12
2.485334693877551615e+01,1.536012425777287527e-01,3.019594969761019531e+12
2.436965306122448993e+01,1.555400839450623574e-01,3.085783601504073730e+12
2.389055102040816436e+01,1.574894756697048648e-01,3.153423068546540039e+12
2.344128571428571561e+01,1.595021635377488478e-01,3.222545172770537109e+12
2.301777551020408197e+01,1.615621981527174955e-01,3.293182413146119141e+12
2.261134693877551527e+01,1.636348219109219626e-01,3.365368001011130371e+12
2.223291836734694016e+01,1.657616809624409271e-01,3.439135875686208496e+12
2.185555102040816422e+01,1.679369643075824814e-01,3.514520720431838379e+12
2.150787755102041032e+01,1.701298089526076807e-01,3.591557978755396484e+12
2.117330612244898091e+01,1.723739277912283985e-01,3.670283871075494141e+12
2.085240816326530933e+01,1.746751738220925221e-01,3.750735411751598145e+12
2.055618367346938768e+01,1.769826994213304361e-01,3.832950426487085449e+12
2.025281632653061337e+01,1.793459322561132552e-01,3.916967570113541504e+12
1.996095918367347011e+01,1.817603757018537991e-01,4.002826344765129883e+12
1.969126530612244963e+01,1.841821524930826182e-01,4.090567118451086426e+12
1.944216326530612449e+01,1.866620876800245687e-01,4.180231144035561523e+12
1.918581632653061320e+01,1.891936643833548592e-01,4.271860578633330078e+12
1.895289795918367659e+01,1.917327667391195145e-01,4.365498503430645020e+12
1.872281632653061578e+01,1.943261642381916565e-01,4.461188943940733398e+12
1.850336734693877716e+01,1.969747260768887065e-01,4.558976890703026367e+12
1.829344897959183669e+01,1.996294188249803925e-01,4.658908320436390625e+12
1.808573469387755139e+01,2.023296204368965345e-01,4.761030217655745117e+12
1.790055102040816593e+01,2.051034563541786204e-01,4.865390596762785156e+12
1.770440816326530964e+01,2.078732388876814996e-01,4.972038524620738281e+12
1.752204081632653043e+01,2.106915706753489104e-01,5.081024143623953125e+12
1.735300000000000153e+01,2.135763067516259217e-01,5.192398695273366211e+12
1.717555102040816450e+01,2.164715068743089110e-01,5.306214544268426758e+12
1.701653061224489960e+01,2.194101586579432772e-01,5.422525203127424805e+12
1.686283673469387878e+01,2.224176116026427286e-01,5.541385357347282227e+12
1.671073469387755139e+01,2.254381567787281104e-01,5.662850891114825195e+12
1.657848979591836880e+01,2.285102684443938159e-01,5.786978913581878906e+12
1.642767346938775930e+01,2.316519230610537827e-01,5.913827785715946289e+12
1.629728571428571371e+01,2.348099199759966227e-01,6.043457147739836914e+12
1.615910204081632884e+01,2.380157313689781617e-01,6.175927947172364258e+12
1.603397959183673649e+01,2.412969165969150453e-01,6.311302467484066406e+12
1.591853061224489885e+01,2.446071442741005186e-01,6.449644357380800781e+12
1.579295918367347085e+01,2.479634325437109765e-01,6.591018660729216797e+12
1.567953061224489808e+01,2.514038875612886748e-01,6.735491847138456055e+12
1.557459183673469560e+01,2.548774997271568976e-01,6.883131843211794922e+12
1.545793877551020401e+01,2.584042515877586488e-01,7.034008064483713867e+12
1.535344897959183719e+01,2.620157813323927276e-01,7.188191448056750000e+12
1.525389795918367497e+01,2.656649855365499358e-01,7.345754485953734375e+12
1.515291836734694009e+01,2.693749366366325892e-01,7.506771259201390625e+12
1.505140816326530739e+01,2.731645487586613630e-01,7.671317472660590820e+12
1.496395918367347022e+01,2.770048634884949013e-01,7.839470490620569336e+12
1.487965306122449149e+01,2.808985442669293398e-01,8.011309373172850586e+12
1.478893877551020530e+01,2.848828192297074291e-01,8.186914913382960938e+12
1.470159183673469450e+01,2.889136869979875288e-01,8.366369675276610352e+12
1.462434693877551162e+01,2.929951556689642245e-01,8.549758032658516602e+12
1.454391836734694010e+01,2.971599447324960175e-01,8.737166208782464844e+12
1.446336734693877801e+01,3.013735222415963033e-01,8.928682316890410156e+12
1.438846938775510331e+01,3.056273557973240296e-01,9.124396401640744141e+12
1.431753061224489798e+01,3.099557482191670488e-01,9.324400481444083984e+12
1.424840816326530835e+01,3.143329459581686303e-01,9.528788591727597656e+12
1.418393877551020488e+01,3.187246928862819129e-01,9.737656829147304688e+12
1.412171428571428677e+01,3.231891870652417453e-01,9.951103396769476562e+12
1.405661224489796091e+01,3.276884724691370154e-01,1.016922865024282031e+13
1.399185714285714432e+01,3.321733366206285898e-01,1.039213514498211523e+13
1.393571428571428683e+01,3.367423939915001885e-01,1.061992768438677539e+13
1.387851020408163372e+01,3.413260362840629947e-01,1.085271336911566992e+13
1.382897959183673464e+01,3.458585912502278870e-01,1.109060164744266992e+13
1.377187755102040789e+01,3.504314734839245049e-01,1.133370436671555664e+13
1.372251020408163491e+01,3.549919653251618068e-01,1.158213582594286719e+13
1.367091836734694077e+01,3.594922508130486416e-01,1.183601282953391016e+13
1.362381632653061381e+01,3.640950732873243223e-01,1.209545474221602344e+13
1.358289795918367382e+01,3.687931607980777238e-01,1.236058354515638086e+13
1.352881632653061494e+01,3.736264632956604048e-01,1.263152389331319336e+13
1.348689795918367373e+01,3.786574839392903846e-01,1.290840317404476367e+13
1.344159183673469471e+01,3.838768465546666397e-01,1.319135156700274414e+13
1.339097959183673403e+01,3.892835175259105052e-01,1.348050210533822266e+13
1.334714285714285786e+01,3.949084414121492581e-01,1.377599073824996875e+13
1.330585714285714438e+01,4.007427318592481358e-01,1.407795639490289258e+13
1.326100000000000101e+01,4.067854840869777888e-01,1.438654104974848047e+13
1.322214285714285786e+01,4.130532972385630441e-01,1.470188978927611914e+13
1.317573469387755125e+01,4.195395149515662170e-01,1.502415088022845117e+13
1.314167346938775793e+01,4.262573811348421837e-01,1.535347583931142969e+13
1.310177551020408160e+01,4.332040797523265541e-01,1.569001950443234766e+13
1.306773469387755071e+01,4.403932740701902437e-01,1.603394010750005078e+13
1.303414285714285725e+01,4.478206493537615906e-01,1.638539934881992188e+13
1.299957142857143033e+01,4.554948543157029128e-01,1.674456247312058008e+13
1.296487755102040751e+01,4.634171892552505501e-01,1.711159834724639648e+13
1.293263265306122456e+01,4.715913070968758003e-01,1.748667953955298633e+13
1.291085714285714481e+01,4.800166751856815850e-01,1.786998240104374219e+13
1.287757142857143045e+01,4.887086402020401343e-01,1.826168714828378516e+13
1.285667346938775779e+01,4.976568392595835388e-01,1.866197794813251953e+13
1.283265306122449090e+01,5.068693191728578240e-01,1.907104300433232422e+13
1.281085714285714339e+01,5.163522882974256323e-01,1.948907464599637109e+13
1.279093877551020420e+01,5.260766335376987346e-01,1.991626941803531250e+13
1.277157142857143057e+01,5.360536503243571449e-01,2.035282817356606250e+13
1.275365306122449027e+01,5.462934155868893749e-01,2.079895616834700000e+13
1.274067346938775636e+01,5.567121479111377669e-01,2.125486315728187500e+13
1.272887755102040863e+01,5.673710662027353635e-01,2.172076349304037500e+13
1.271987755102040829e+01,5.782892796353936715e-01,2.219687622683953125e+13
1.270734693877551180e+01,5.894538063149765694e-01,2.268342521143421094e+13
1.269879591836734711e+01,6.009145557359505396e-01,2.318063920636607031e+13
1.269079591836734799e+01,6.126619513137094852e-01,2.368875198551810156e+13
1.268495918367347031e+01,6.246762648006730645e-01,2.420800244702830469e+13
1.268471428571428739e+01,6.369798676779427904e-01,2.473863472561105859e+13
1.268767346938775731e+01,6.495938485085959169e-01,2.528089830734201953e+13
1.268493877551020432e+01,6.624421499350443554e-01,2.583504814695809375e+13
1.268444897959183848e+01,6.755340141055510284e-01,2.640134478772856641e+13
1.268685714285714461e+01,6.888733048336016518e-01,2.698005448395481250e+13
1.268869387755102096e+01,7.022917983554188837e-01,2.757144932615358594e+13
1.269161224489796069e+01,7.157513106573403228e-01,2.817580736898600781e+13
1.269875510204081692e+01,7.293306356026318937e-01,2.879341276198898047e+13
1.270465306122449078e+01,7.427340830264641536e-01,2.942455588317383203e+13
1.271079591836734757e+01,7.561339330342288223e-01,3.006953347555232812e+13
1.272259183673469529e+01,7.696054876234138531e-01,3.072864878665522266e+13
1.272467346938775812e+01,7.830434080014450071e-01,3.140221171111026172e+13
1.273659183673469464e+01,7.966103947121474516e-01,3.209053893634358203e+13
1.274520408163265373e+01,8.103997918925809341e-01,3.279395409147688672e+13
1.275800000000000090e+01,8.243102320869521993e-01,3.351278789948630078e+13
1.276385714285714457e+01,8.383959783671335320e-01,3.424737833269851953e+13
1.277697959183673504e+01,8.526959644279785699e-01,3.499807077169402344e+13
1.278771428571428714e+01,8.670694092347366322e-01,3.576521816769340625e+13
1.279281632653061429e+01,8.814691063039832297e-01,3.654918120850455469e+13
1.280528571428571460e+01,8.959594207144597755e-01,3.735032848810521094e+13
1.281928571428571395e+01,9.103504272016227361e-01,3.816903667994507031e+13
1.283195918367347055e+01,9.246067774762048996e-01,3.900569071404420312e+13
1.284067346938775778e+01,9.389319170276915205e-01,3.986068395797574219e+13
1.285700000000000109e+01,9.532027980533789302e-01,4.073441840181409375e+13
1.286365306122449148e+01,9.675111197067938207e-01,4.162730484713710938e+13
1.287565306122449016e+01,9.820039755345461030e-01,4.253976310017280469e+13
1.288734693877551152e+01,9.966310264624117510e-01,4.347222216917732812e+13
1.289861224489796143e+01,1.011386806686115580e+00,4.442512046614203125e+13
1.291089795918367500e+01,1.026396153957300772e+00,4.539890601291919531e+13
1.292593877551020398e+01,1.041582685768276617e+00,4.639403665186857812e+13
1.293379591836734832e+01,1.056942179066311382e+00,4.741098026111955469e+13
1.295030612244898016e+01,1.072575704545640551e+00,4.845021497455160938e+13
1.296355102040816476e+01,1.088457833119178542e+00,4.951222940659870312e+13
1.297689795918367395e+01,1.104570058581659131e+00,5.059752288197839844e+13
1.298797959183673534e+01,1.120994959568797356e+00,5.170660567045948438e+13
1.300497959183673480e+01,1.137708726260468151e+00,5.283999922677371875e+13
1.301671428571428812e+01,1.154656029933728956e+00,5.399823643578621875e+13
1.303285714285714469e+01,1.171924797572358790e+00,5.518186186304217188e+13
1.305024489795918363e+01,1.189475931207681025e+00,5.639143201080210156e+13
1.306424489795918475e+01,1.207253070094921332e+00,5.762751557969275000e+13
1.307795918367347099e+01,1.225341740016234970e+00,5.889069373609099219e+13
1.309520408163265515e+01,1.243690479644133928e+00,6.018156038536865625e+13
1.311375510204081785e+01,1.262257284292633841e+00,6.150072245112927344e+13
1.313053061224489859e+01,1.281110542058290669e+00,6.284880016056185156e+13
1.314714285714285857e+01,1.300222683837277238e+00,6.422642733605361719e+13
1.316883673469387794e+01,1.319533449636719480e+00,6.563425169319067188e+13
1.318636734693877699e+01,1.339106081164521234e+00,6.707293514529462500e+13
1.320628571428571441e+01,1.358922990682042808e+00,6.854315411463204688e+13
1.322575510204081795e+01,1.378914394148212708e+00,7.004559985044535938e+13
1.324065306122449037e+01,1.399146193215776490e+00,7.158097875395779688e+13
1.326183673469387791e+01,1.419597175405332479e+00,7.315001271049801562e+13
1.328287755102040890e+01,1.440166842596170227e+00,7.475343942890953125e+13
1.330234693877551067e+01,1.460939916268042538e+00,7.639201278839501562e+13
1.332291836734694002e+01,1.481898992663965853e+00,7.806650319296803125e+13
1.334116326530612362e+01,1.502843993294539660e+00,7.977769793367103125e+13
1.336414285714285732e+01,1.523943854034094825e+00,8.152640155873312500e+13
1.337969387755102169e+01,1.545201367725258068e+00,8.331343625184478125e+13
1.339997959183673437e+01,1.566419647798275694e+00,8.513964221871926562e+13
1.342183673469387806e+01,1.587822960543431083e+00,8.700587808213285938e+13
1.344183673469387763e+01,1.609391779962226376e+00,8.891302128561856250e+13
1.345665306122449145e+01,1.630965311578606913e+00,9.086196850601412500e+13
1.347483673469387888e+01,1.652687544627903460e+00,9.285363607504926562e+13
1.349855102040816490e+01,1.674560236102603294e+00,9.488896041017406250e+13
1.351977551020408086e+01,1.696326201217962737e+00,9.696889845483456250e+13
1.353544897959183757e+01,1.718024975484232719e+00,9.909442812839360938e+13
1.355673469387755148e+01,1.739608816755707776e+00,1.012665487859197812e+14
1.357348979591836802e+01,1.759521400422346060e+00,1.034862816880486250e+14
1.358534693877551192e+01,1.776752230452336434e+00,1.057546704811490156e+14
1.359579591836734735e+01,1.791273270685139307e+00,1.080727816880106875e+14
1.359665306122449024e+01,1.798648506328758279e+00,1.104417052092872344e+14
1.359387755102040884e+01,1.803263230455695698e+00,1.128625548359351406e+14
1.358883673469387787e+01,1.805163873128422303e+00,1.153364687728785312e+14
1.358273469387755128e+01,1.805353950384466666e+00,1.178646101741598906e+14
1.357165306122449167e+01,1.804857999369432475e+00,1.204481676898135625e+14
1.355910204081632742e+01,1.803923940190200748e+00,1.230883560247337500e+14
1.354195918367347140e+01,1.802792233213120099e+00,1.257864165097879219e+14
1.352812244897959459e+01,1.801599976167671313e+00,1.285436176854488125e+14
1.350942857142857179e+01,1.800365742325893637e+00,1.313612558982244531e+14
1.348991836734694161e+01,1.799177378288270512e+00,1.342406559101541250e+14
1.347124489795918478e+01,1.798031353936275334e+00,1.371831715216727500e+14
1.344967346938775776e+01,1.797005742703329911e+00,1.401901862081195469e+14
1.343195918367347019e+01,1.796114757493912473e+00,1.432631137702070312e+14
1.341091836734694098e+01,1.795368404187091871e+00,1.464033989987427812e+14
1.338563265306122396e+01,1.794732674327456090e+00,1.496125183539210938e+14
1.336383673469387823e+01,1.794192791747360571e+00,1.528919806595111250e+14
1.334375510204081827e+01,1.793876430046536186e+00,1.562433278122517500e+14
1.331651020408163433e+01,1.793671678311580697e+00,1.596681355068058750e+14
1.329175510204081689e+01,1.793523977293855376e+00,1.631680139765989375e+14
1.326636734693877706e+01,1.793637069980521304e+00,1.667446087508965312e+14
1.323889795918367440e+01,1.793854244331336334e+00,1.703996014284834688e+14
1.321397959183673443e+01,1.794290627101476465e+00,1.741347104682914375e+14
1.318751020408163477e+01,1.794898250344796775e+00,1.779516919973676250e+14
1.315961224489796066e+01,1.795619134018838325e+00,1.818523406365463750e+14
1.312946938775510475e+01,1.796585293226732549e+00,1.858384903442197500e+14
1.310375510204081806e+01,1.797762019715595017e+00,1.899120152786100312e+14
1.307361224489796037e+01,1.799236002370653731e+00,1.940748306789324375e+14
1.304226530612245050e+01,1.800754628003442770e+00,1.983288937658842812e+14
1.301463265306122530e+01,1.802522747112663248e+00,2.026762046618606250e+14
1.298765306122449026e+01,1.804578683724510357e+00,2.071188073313522500e+14
1.295787755102040784e+01,1.806743002516451257e+00,2.116587905419492188e+14
1.292869387755102117e+01,1.809091453335959221e+00,2.162982888464089062e+14
1.289795918367347127e+01,1.811544887231441914e+00,2.210394835862595625e+14
1.286793877551020415e+01,1.814071128643381270e+00,2.258846039173891562e+14
1.283767346938775766e+01,1.816724476977108482e+00,2.308359278581294062e+14
1.281265306122449132e+01,1.819477813267845079e+00,2.358957833602986875e+14
1.278093877551020441e+01,1.822302973165426998e+00,2.410665494037359062e+14
1.274838775510204059e+01,1.825207286828968600e+00,2.463506571148169062e+14
1.272273469387755185e+01,1.828354515534200253e+00,2.517505909094882188e+14
1.268597959183673396e+01,1.831555936666782403e+00,2.572688896613656562e+14
1.266191836734694043e+01,1.835051799062298539e+00,2.629081478954221875e+14
1.262877551020408085e+01,1.838498667121956753e+00,2.686710170078578438e+14
1.259863265306122493e+01,1.842287354093736784e+00,2.745602065126914375e+14
1.256736734693877722e+01,1.846143491133217518e+00,2.805784853156938438e+14
1.254030612244898002e+01,1.850127573085662780e+00,2.867286830162343750e+14
1.250789795918367453e+01,1.854280216529788028e+00,2.930136912376629375e+14
1.247491836734694104e+01,1.858471802049549870e+00,2.994364649868658750e+14
1.244500000000000028e+01,1.862821721943465070e+00,3.060000240436046250e+14
1.241665306122449053e+01,1.867311078987937689e+00,3.127074543803277500e+14
1.238791836734694130e+01,1.871886402933151006e+00,3.195619096130855000e+14
1.235587755102040752e+01,1.876501664778028378e+00,3.265666124842661875e+14
1.232473469387755216e+01,1.881093744756470842e+00,3.337248563778213750e+14
1.229681632653061385e+01,1.885716980312526658e+00,3.410400068677043125e+14
1.226691836734694085e+01,1.890377271889838173e+00,3.485155033002625625e+14
1.223997959183673423e+01,1.894997214719620793e+00,3.561548604112965625e+14
1.221044897959183828e+01,1.899566881243499150e+00,3.639616699785850625e+14
1.218175510204081746e+01,1.904058704881490094e+00,3.719396025106114375e+14
1.215157142857143135e+01,1.908513223147649152e+00,3.800924089723274375e+14
1.212379591836734782e+01,1.912891165151058503e+00,3.884239225487311875e+14
1.209495918367347045e+01,1.917238374697121550e+00,3.969380604471015000e+14
1.206089795918367358e+01,1.921577311197234739e+00,4.056388257387507500e+14
1.203769387755102116e+01,1.925821170666951243e+00,4.145303092411348750e+14
1.200865306122449105e+01,1.930107097109603265e+00,4.236166914412193125e+14
1.198085714285714332e+01,1.934344819846254504e+00,4.329022444610115625e+14
1.195240816326530719e+01,1.938397945660441879e+00,4.423913340661777500e+14
1.191997959183673395e+01,1.942553561602064383e+00,4.520884217186809375e+14
1.189261224489796120e+01,1.946734442639987739e+00,4.619980666744097500e+14
1.186846938775510374e+01,1.950737428812867824e+00,4.721249281268036250e+14
1.183281632653061344e+01,1.954900854286500955e+00,4.824737673974493125e+14
1.180489795918367513e+01,1.959037215004452381e+00,4.930494501746951250e+14
1.177795918367347028e+01,1.963157754144439826e+00,5.038569488013440625e+14
1.174838775510204059e+01,1.967311422057077541e+00,5.149013446124916875e+14
1.171977551020408193e+01,1.971472003355716929e+00,5.261878303246013750e+14
1.169042857142857095e+01,1.975535432372504729e+00,5.377217124769445000e+14
1.166046938775510355e+01,1.979696555035199701e+00,5.495084139265756250e+14
1.163367346938775704e+01,1.983739681241109221e+00,5.615534763979776250e+14
1.160444897959183841e+01,1.987720749653248076e+00,5.738625630885940000e+14
1.157757142857142973e+01,1.991420839162010070e+00,5.864414613314962500e+14
1.154889795918367490e+01,1.994660417612159842e+00,5.992960853163815000e+14
1.152548979591836797e+01,1.997320993296805236e+00,6.124324788702517500e+14
1.150338775510204137e+01,1.999281269531558269e+00,6.258568182990053750e+14
1.147975510204081750e+01,2.000607123060265558e+00,6.395754152913532500e+14
1.145759183673469472e+01,2.001309552495083022e+00,6.535947198863627500e+14
1.143653061224489775e+01,2.001688324718033929e+00,6.679213235060485000e+14
1.141259183673469479e+01,2.001659255157205219e+00,6.825619620544636250e+14
1.139036734693877762e+01,2.001504977133345964e+00,6.975235190846818750e+14
1.136934693877551084e+01,2.000987408877497487e+00,7.128130290352425000e+14
1.134448979591836704e+01,2.000321888771584788e+00,7.284376805374930000e+14
1.131793877551020522e+01,1.999536741536660944e+00,7.444048197954698750e+14
1.129236734693877686e+01,1.998566237210782637e+00,7.607219540398370000e+14
1.126797959183673470e+01,1.997405086044089284e+00,7.773967550575325000e+14
1.124289795918367396e+01,1.996249716027828747e+00,7.944370627988156250e+14
1.121659183673469506e+01,1.994892612876375093e+00,8.118508890633313750e+14
1.118851020408163421e+01,1.993371366447285409e+00,8.296464212670252500e+14
1.116130612244898046e+01,1.991701829237191745e+00,8.478320262915732500e+14
1.113787755102040755e+01,1.989877320555579310e+00,8.664162544182421250e+14
1.110983673469387867e+01,1.987982607235920796e+00,8.854078433479437500e+14
1.108377551020408092e+01,1.985917487672578918e+00,9.048157223094082500e+14
1.105522448979592021e+01,1.983830454077217587e+00,9.246490162574420000e+14
1.102722448979591974e+01,1.981536251827704653e+00,9.449170501631563750e+14
1.099889795918367419e+01,1.979266030023512757e+00,9.656293533982965000e+14
1.097020408163265337e+01,1.976920647897460359e+00,9.867956642156117500e+14
1.094083673469387818e+01,1.974431930334643148e+00,1.008425934327493250e+15
1.091161224489796133e+01,1.971947470316076867e+00,1.030530333584935125e+15
1.088818367346938842e+01,1.969447051093473622e+00,1.053119254759054750e+15
1.085477551020408171e+01,1.966814686147337898e+00,1.076203318427466750e+15
1.083297959183673420e+01,1.964070467258175468e+00,1.099793377967699125e+15
1.080657142857143072e+01,1.961454300793114447e+00,1.123900524660134000e+15
1.078951020408163330e+01,1.958785649650990779e+00,1.148536092902732500e+15
1.077069387755102170e+01,1.955960061569527175e+00,1.173711665540132250e+15
1.075879591836734761e+01,1.953407802347187250e+00,1.199439079309511250e+15
1.075293877551020394e+01,1.950646437315050719e+00,1.225730430405823500e+15
1.074069387755102056e+01,1.947895656375442375e+00,1.252598080169065500e+15
1.073730612244898097e+01,1.945041122141860868e+00,1.280054660896163500e+15
1.072679591836734758e+01,1.941901705290210556e+00,1.308113081780259000e+15
1.072257142857143108e+01,1.938563446445048744e+00,1.336786534980201750e+15
1.071351020408163457e+01,1.935188742464787115e+00,1.366088501823086250e+15
1.070395918367347043e+01,1.931744135995638212e+00,1.396032759142723250e+15
1.070012244897959341e+01,1.928333254739733160e+00,1.426633385757044000e+15
1.069869387755102075e+01,1.925752845038142480e+00,1.457904769087535000e+15
1.069551020408163389e+01,1.923724369832355396e+00,1.489861611923722500e+15
1.069459183673469482e+01,1.922553649020010358e+00,1.522518939335933750e+15
1.069379591836734811e+01,1.922324684037756803e+00,1.555892105739607750e+15
1.069687755102040860e+01,1.922279894364339992e+00,1.589996802114457750e+15
1.070057142857143084e+01,1.922467312815177909e+00,1.624849063381847750e+15
1.070265306122449012e+01,1.922671335289382277e+00,1.660465275943871750e+15
1.070185714285714340e+01,1.922957472103726584e+00,1.696862185387748750e+15
1.070193877551020378e+01,1.923219728761419889e+00,1.734056904359033000e+15
1.070167346938775665e+01,1.923569002600512556e+00,1.772066920607405500e+15
1.070400000000000063e+01,1.923785335921391226e+00,1.810910105208894250e+15
1.070795918367346999e+01,1.924092070177158442e+00,1.850604720968216750e+15
1.071032653061224416e+01,1.924544981855028203e+00,1.891169431005417750e+15
1.070793877551020401e+01,1.924904646052402191e+00,1.932623307530601250e+15
1.071069387755102120e+01,1.925305503242358496e+00,1.974985840811119500e+15
1.071281632653061422e+01,1.925600699912491276e+00,2.018276948335240000e+15
1.071638775510204056e+01,1.925940228965167478e+00,2.062516984176679000e+15
1.071665306122449124e+01,1.926371240284385999e+00,2.107726748564482000e+15
1.071742857142857197e+01,1.926738704310008155e+00,2.153927497662550750e+15
1.072187755102040718e+01,1.927055773811461536e+00,2.201140953563669500e+15
1.072553061224489745e+01,1.927370124591203826e+00,2.249389314502458250e+15
1.072824489795918446e+01,1.927690028025573099e+00,2.298695265292324500e+15
1.073073469387755097e+01,1.928046311545174696e+00,2.349081987991099500e+15
1.073200000000000109e+01,1.928251016646506999e+00,2.400573172800461500e+15
1.073628571428571377e+01,1.928558656233504420e+00,2.453193029204365500e+15
1.074146938775510307e+01,1.928677113973486179e+00,2.506966297351479000e+15
1.074353061224489814e+01,1.928941334304254296e+00,2.561918259687278500e+15
1.074983673469387746e+01,1.929160197117628206e+00,2.618074752840950500e+15
1.075097959183673524e+01,1.929221156806331994e+00,2.675462179773011000e+15
1.075769387755102180e+01,1.929262287771104756e+00,2.734107522189088000e+15
1.075895918367347015e+01,1.929307255820549516e+00,2.794038353225811000e+15
1.076428571428571423e+01,1.929382941751133007e+00,2.855282850414884500e+15
1.076877551020408141e+01,1.929372153369847354e+00,2.917869808931153500e+15
1.077195918367347005e+01,1.929233234623422444e+00,2.981828655131259000e+15
1.077879591836734718e+01,1.929168682908813270e+00,3.047189460388856000e+15
1.078285714285714469e+01,1.929112195579282929e+00,3.113982955233284000e+15
1.078587755102040724e+01,1.928904682110472057e+00,3.182240543798029500e+15
1.078881632653061473e+01,1.928682353535607907e+00,3.251994318585889000e+15
1.079489795918367356e+01,1.928413220529039629e+00,3.323277075557901500e+15
1.080085714285714360e+01,1.928137946987365403e+00,3.396122329552905500e+15
1.080579591836734821e+01,1.927786632935961197e+00,3.470564330045101500e+15
1.081289795918367425e+01,1.927411646235183573e+00,3.546638077247070000e+15
1.081818367346938814e+01,1.927011299243017728e+00,3.624379338565762000e+15
1.082297959183673441e+01,1.926486241885221773e+00,3.703824665419149500e+15
1.082589795918367415e+01,1.925898442165006941e+00,3.785011410421467000e+15
1.083273469387755128e+01,1.925344066476014193e+00,3.867977744945289500e+15
1.084071428571428797e+01,1.924709028661691690e+00,3.952762677068429000e+15
1.084377551020408070e+01,1.923980252119297463e+00,4.039406069914234500e+15
1.085091836734694049e+01,1.923252963363111245e+00,4.127948660393967000e+15
1.085761224489796106e+01,1.922482325605899600e+00,4.218432078360011000e+15
1.086191836734693972e+01,1.921543455129590239e+00,4.310898866178845000e+15
1.086771428571428721e+01,1.920779077228035980e+00,4.405392498733029000e+15
1.087467346938775670e+01,1.919701851058365882e+00,4.501957403861789000e+15
1.088085714285714367e+01,1.918574201474532614e+00,4.600638983249492000e+15
1.088893877551020495e+01,1.917550304926454841e+00,4.701483633772008000e+15
1.089536734693877662e+01,1.916455941051156131e+00,4.804538769311050000e+15
1.090291836734694009e+01,1.915225163986925105e+00,4.909852843046682000e+15
1.090763265306122420e+01,1.913878837558467216e+00,5.017475370238396000e+15
1.091195918367347062e+01,1.912583631704046994e+00,5.127456951505514000e+15
1.092163265306122533e+01,1.911166900756361642e+00,5.239849296618084000e+15
1.092977551020408100e+01,1.909702418017412695e+00,5.354705248809073000e+15
1.093597959183673396e+01,1.908264378505030168e+00,5.472078809619473000e+15
1.094038775510204076e+01,1.906812962177961701e+00,5.592025164288227000e+15
1.094577551020408102e+01,1.905439209777908038e+00,5.714600707698362000e+15
1.095085714285714396e+01,1.904213393137885291e+00,5.839863070892208000e+15
1.095991836734694047e+01,1.903102836296065803e+00,5.967871148167465000e+15
1.096287755102040862e+01,1.901880292231421521e+00,6.098685124767550000e+15
1.096622448979591979e+01,1.900745759595426021e+00,6.232366505178681000e+15
1.097300000000000075e+01,1.899465363295813614e+00,6.368978142047206000e+15
1.097697959183673433e+01,1.898195756395737233e+00,6.508584265731061000e+15
1.098257142857143087e+01,1.896912897157480016e+00,6.651250514498591000e+15
1.099148979591836728e+01,1.895426568937901513e+00,6.797043965389746000e+15
1.099436734693877682e+01,1.893985112725190545e+00,6.946033165753308000e+15
1.099969387755102090e+01,1.892416651830744811e+00,7.098288165475828000e+15
1.100587755102040788e+01,1.890878317782038520e+00,7.253880549916723000e+15
1.101475510204081765e+01,1.889248548754832502e+00,7.412883473565301000e+15
1.101577551020408130e+01,1.887514371114244804e+00,7.575371694435834000e+15
1.102375510204081799e+01,1.885640994397467907e+00,7.741421609216111000e+15
1.102989795918367477e+01,1.883797298324960456e+00,7.911111289186924000e+15
1.103797959183673427e+01,1.881762967649698082e+00,8.084520516928402000e+15
1.104442857142857193e+01,1.879796685542889145e+00,8.261730823831413000e+15
1.104767346938775674e+01,1.877491910743931181e+00,8.442825528430885000e+15
1.105363265306122500e+01,1.875302251292387146e+00,8.627889775579367000e+15
1.106573469387755182e+01,1.872963882738963415e+00,8.817010576479625000e+15
1.107155102040816352e+01,1.870501409417522520e+00,9.010276849594198000e+15
1.107581632653061376e+01,1.868061692128463180e+00,9.207779462452262000e+15
1.108373469387755073e+01,1.865378442510000845e+00,9.409611274372304000e+15
1.109100000000000108e+01,1.862715520662993285e+00,9.615867180121812000e+15
1.109879591836734747e+01,1.859854981815564079e+00,9.826644154533614000e+15
1.110553061224489824e+01,1.856984780508077471e+00,1.004204129810021000e+16
1.111279591836734681e+01,1.853967935657021116e+00,1.026215988356764200e+16
1.112151020408163404e+01,1.850804070200450235e+00,1.048710340355095000e+16
1.112789795918367375e+01,1.847608251089282172e+00,1.071697761919253600e+16
1.113622448979591972e+01,1.844215014155153876e+00,1.095189060988787200e+16
1.114097959183673403e+01,1.840707899796028890e+00,1.119195282410118800e+16
1.115053061224489817e+01,1.837284112383088086e+00,1.143727713129422600e+16
1.115469387755102026e+01,1.833481354481458325e+00,1.168797887499416000e+16
1.116381632653061473e+01,1.829705839611048157e+00,1.194417592702417400e+16
1.117395918367347107e+01,1.825735673091447353e+00,1.220598874292338000e+16
1.117953061224489808e+01,1.821733323668604410e+00,1.247354041858050000e+16
1.118759183673469515e+01,1.817603005745439315e+00,1.274695674810985800e+16
1.119675510204081803e+01,1.813526501272674230e+00,1.302636628299599400e+16
1.120373469387755172e+01,1.809281100359718453e+00,1.331190039253379000e+16
1.120851020408163379e+01,1.805469834240338356e+00,1.360369332559434600e+16
1.121169387755102065e+01,1.801838470557386884e+00,1.390188227374478000e+16
1.122330612244898163e+01,1.798173167041160259e+00,1.420660743575059200e+16
1.122669387755102122e+01,1.794849956122342327e+00,1.451801208349301000e+16
1.123193877551020492e+01,1.791585857497514978e+00,1.483624262933055200e+16
1.123663265306122483e+01,1.788109375936413725e+00,1.516144869493784400e+16
1.124465306122449171e+01,1.784606831506011515e+00,1.549378318165215400e+16
1.124995918367347159e+01,1.781002448710837127e+00,1.583340234236299200e+16
1.125573469387755132e+01,1.777421122532037545e+00,1.618046585497753800e+16
1.126291836734694130e+01,1.773567773111311752e+00,1.653513689749524800e+16
1.126736734693877651e+01,1.769571526245921067e+00,1.689758222472936000e+16
1.127595918367347139e+01,1.765624655753277539e+00,1.726797224670932400e+16
1.128169387755102093e+01,1.761413309668312666e+00,1.764648110880263800e+16
1.129044897959183835e+01,1.757194193747964484e+00,1.803328677359150400e+16
1.129459183673469447e+01,1.752732797929408948e+00,1.842857110454545600e+16
1.129977551020408200e+01,1.748196341276054167e+00,1.883251995152814400e+16
1.130877551020408056e+01,1.743751669568437634e+00,1.924532323817698400e+16
1.131677551020408146e+01,1.738856041144498210e+00,1.966717505119970400e+16
1.132263265306122513e+01,1.734090050460290966e+00,2.009827373162730400e+16
1.132875510204081770e+01,1.729245274212081851e+00,2.053882196806820400e+16
1.133371428571428652e+01,1.724093238204152279e+00,2.098902689200489600e+16
1.134367346938775789e+01,1.718896195622348300e+00,2.144910017518090400e+16
1.135000000000000142e+01,1.713402757170763957e+00,2.191925812912250800e+16
1.135855102040816433e+01,1.708126286827787776e+00,2.239972180684036000e+16
1.136575510204081674e+01,1.702639907276384479e+00,2.289071710676213600e+16
1.136983673469387846e+01,1.696562047470699053e+00,2.339247487894226800e+16
1.137771428571428700e+01,1.690872621151167321e+00,2.390523103360091200e+16
1.138293877551020472e+01,1.685080288339126930e+00,2.442922665204015200e+16
1.139289795918367432e+01,1.679126101285004724e+00,2.496470809999313600e+16
1.140218367346938777e+01,1.673203892737203491e+00,2.551192714345788800e+16
1.140640816326530782e+01,1.667462704531710083e+00,2.607114106706828800e+16
1.141295918367347006e+01,1.662823813491578484e+00,2.664261279506176000e+16
1.141644897959183780e+01,1.658585905681600803e+00,2.722661101489730000e+16
1.141887755102040813e+01,1.654727090965158798e+00,2.782341030358448000e+16
1.142689795918367501e+01,1.651389741272264677e+00,2.843329125677932400e+16
1.142967346938775641e+01,1.647831387434302686e+00,2.905654062071191600e+16
1.143589795918367358e+01,1.644319210809447318e+00,2.969345142700590400e+16
1.144026530612245018e+01,1.640746866703574502e+00,3.034432313045104400e+16
1.144687755102040860e+01,1.637088139636265094e+00,3.100946174979806400e+16
1.144979591836734834e+01,1.633481501135530367e+00,3.168918001163824400e+16
1.145232653061224504e+01,1.629848730899170928e+00,3.238379749743836000e+16
1.145797959183673420e+01,1.625978406346479721e+00,3.309364079379596000e+16
1.146363265306122514e+01,1.622176252715336275e+00,3.381904364599054400e+16
1.147085714285714353e+01,1.617845664983408316e+00,3.456034711490058800e+16
1.147885714285714442e+01,1.613471675597734523e+00,3.531789973735768400e+16
1.147965306122449114e+01,1.609396287421238636e+00,3.609205769001831200e+16
1.148253061224489713e+01,1.605401730769153934e+00,3.688318495682598400e+16
1.149140816326530690e+01,1.600809648101545690e+00,3.769165350014588000e+16
1.149628571428571533e+01,1.596266571952321911e+00,3.851784343564768800e+16
1.150459183673469532e+01,1.591589704592156318e+00,3.936214321102450400e+16
1.150683673469387713e+01,1.586978282611514635e+00,4.022494978862936800e+16
1.151224489795918515e+01,1.582504360755145223e+00,4.110666883211209600e+16
1.152097959183673481e+01,1.577592557574676313e+00,4.200771489715048000e+16
1.152589795918367344e+01,1.572430690791312591e+00,4.292851162636023200e+16
1.152730612244898012e+01,1.567726529756982012e+00,4.386949194847939200e+16
1.153795918367347006e+01,1.562490214711906633e+00,4.483109828191528000e+16
1.154297959183673505e+01,1.557413268019095298e+00,4.581378274275627200e+16
1.155042857142857216e+01,1.551552409607962923e+00,4.681800735734328800e+16
1.155469387755102062e+01,1.546366168179263756e+00,4.784424427949733600e+16
1.155897959183673507e+01,1.541294813930292884e+00,4.889297601251237600e+16
1.156438775510204131e+01,1.535093073582616929e+00,4.996469563601196800e+16
1.157171428571428784e+01,1.529327286713151324e+00,5.105990703778091200e+16
1.157797959183673520e+01,1.523148585009325595e+00,5.217912515067450400e+16
1.157938775510204188e+01,1.517751943510948776e+00,5.332287619472442400e+16
1.158497959183673487e+01,1.511290578925852612e+00,5.449169792455168000e+16
1.158846938775510438e+01,1.505090340622799117e+00,5.568613988219875200e+16
1.159014285714285819e+01,1.499168469535560932e+00,5.690676365550814400e+16
1.159763265306122548e+01,1.492698868557783776e+00,5.815414314216188800e+16
1.160065306122449158e+01,1.486377352436472732e+00,5.942886481951147200e+16
1.160469387755102133e+01,1.479534751100842094e+00,6.073152802031765600e+16
1.160675510204081817e+01,1.473588112176447806e+00,6.206274521453862400e+16
1.161344897959183697e+01,1.467031524438070500e+00,6.342314229729505600e+16
1.161987755102040865e+01,1.459812892572080800e+00,6.481335888314266400e+16
1.161967346938775769e+01,1.453451219030569286e+00,6.623404860680022400e+16
1.162153061224489825e+01,1.446471064508629611e+00,6.768587943046634400e+16
1.162636734693877649e+01,1.439291840935882805e+00,6.916953395787580000e+16
1.162575510204081830e+01,1.433587689198413173e+00,7.068570975523380800e+16
1.162959183673469532e+01,1.426242949209845623e+00,7.223511967919350400e+16
1.163089795918367386e+01,1.418988014833628686e+00,7.381849221201398400e+16
1.162879591836734683e+01,1.411194605047827233e+00,7.543657180407136000e+16
1.163157142857143000e+01,1.404787549097896937e+00,7.709011922387457600e+16
1.163338775510204037e+01,1.397772296706258910e+00,7.877991191575339200e+16
1.163079591836734750e+01,1.389754256484208916e+00,8.050674436539008000e+16
1.163361224489796086e+01,1.382052457350071428e+00,8.227142847335628800e+16
1.162946938775510475e+01,1.375389513875308278e+00,8.407479393684756800e+16
1.162979591836734805e+01,1.366764550364288899e+00,8.591768863977544000e+16
1.162881632653061459e+01,1.359643943782237185e+00,8.780097905141752000e+16
1.162675510204081775e+01,1.351306605709565289e+00,8.972555063380259200e+16
1.162461224489796052e+01,1.344154676315665320e+00,9.169230825802542400e+16
1.162142857142857189e+01,1.336534657310675112e+00,9.370217662969068800e+16
1.161653061224489747e+01,1.329075338734011957e+00,9.575610072367435200e+16
1.161393877551020459e+01,1.320369446955381276e+00,9.785504622842622400e+16
1.160930612244898086e+01,1.312347932267769801e+00,1.000000000000000000e+17
